keyword,GUID,Description,Tags,Article,Article-english,Category
hitel ,1,hitel  - Néhány egyszerű módszer a hitel javítására ,"csokoládé hitel  , Hard Rock Hotel  , kölcsön számológép ","<b><b>Néhány</b></b> <b><b>egyszerű</b></b> módja annak, hogy javítsa a <b><b><b>hitel</b></b></b>kártyát néhány <b><b>egyszerű</b></b> módja annak, hogy javítsa a <b><b><b>hitel</b></b></b>kártyát néhány <b><b>egyszerű</b></b> módja annak, hogy javítsa a <b><b><b>hitel</b></b></b> pontszámát.

El akarja kezdeni a <b><b><b>hitel</b></b></b> pontszámának azonnali javítását és a <b><b><b>hitel</b></b></b>kártyákat, hogy a lehető leghamarabb fizesse meg az adósságot.

Hogyan juthat hozzá <b><b><b>hitel</b></b></b>kártyák

A <b><b><b>hitel</b></b></b>kártyák számos üzletben, éttermekben és benzinkutakban állnak rendelkezésre. Sokféle <b><b><b>hitel</b></b></b>kártyát kaphat, amelyek számos perkset és funkciókat kínálnak az Ön igényeinek megfelelően.

A <b><b><b>hitel</b></b></b>kártyák több okból is hasznosak lehetnek, és itt vannak a legfontosabbak:

Nagyon hasznosak lehetnek a <b><b><b>hitel</b></b></b>kártya-adósság csökkentésében. A legtöbb embernek van <b><b><b>hitel</b></b></b>kártyája, amelyet nem használnak, de használhatják, ha egy másik módot kell találniuk. Ez különösen igaz a hallgatói <b><b><b>hitel</b></b></b>eknél. A legjobb, ha a <b><b><b>hitel</b></b></b>kártyád készpénzforrásként használható, nem olyan módja annak, hogy pénzt költene. Ez az oka annak, hogy sok ember <b><b><b>hitel</b></b></b>kártyákat használ a hallgatói <b><b><b>hitel</b></b></b>ek kifizetésére, vagy akár az autó- vagy otthoni <b><b><b>hitel</b></b></b>ek egyenlegét.

Biztosítják a <b><b><b>hitel</b></b></b>kártya egyenlegének használatát. Lehetőség van <b><b><b>hitel</b></b></b>kártyák használatára a <b><b><b>hitel</b></b></b>kártya egyenlegétől eltérő adósságok kifizetésére. Ha nincs elég <b><b><b>hitel</b></b></b>kártya-adóssága, hogy fizesse meg az egyensúlyt, a <b><b><b>hitel</b></b></b>kártya nagyszerű módja lehet az adósságterhelés csökkentésének. Egyesek azt is fontolóra veszi a <b><b><b>hitel</b></b></b>kártyával fizet ki a jelzálog vagy a <b><b><b>hitel</b></b></b>kártya egyenleget csökkenteni az összeget kell fizetniük, hogy saját otthonában.

Megadják a módját a költségek megfizetésére. A <b><b><b>hitel</b></b></b>kártyák gyorsan segíthetnek a <b><b><b>hitel</b></b></b>kártya-adósság kifizetésében. Vannak azonban olyan kiadások, amelyeket meg kell fizetnie, még akkor is, ha nem használja a <b><b><b>hitel</b></b></b>kártya egyenlegét. Íme néhány dolog, amit fontolóra kell venni a <b><b><b>hitel</b></b></b>kártya-adósság kifizetésekor:

Az egyensúly költsége általában olcsóbb, mint minden hónapban kifizetődik. Például, ha 500 dollárért tartozol egy év értékének költségeinek, az egyenleg kifizetése havonta 25 dollárba kerül. Azonban minden hónapban eltöltheti az egyensúlyt, és még mindig csökkenti az éves költségeit csak havonta 25 dollárt fizet.

A <b><b><b>hitel</b></b></b>kártya megszerzése nem garantálja, hogy kedvező árat kap a jelzálog vagy kölcsön. Lehet, hogy komoly változtatásokat kell tennie a pénzügyi helyzetére, hogy jogosult legyen a kedvező jelzálogkamara, vagy előfordulhat, hogy hosszabb jelentkezési folyamaton át kell mennie, amely több száz dollárba kerülhet.

A <b><b><b>hitel</b></b></b>kártyák nem mindig a helyes válasz minden helyzetre. <b><b>Néhány</b></b> olyan helyzet, ahol a <b><b><b>hitel</b></b></b>kártya helyett jobb lehet egy betéti kártya használatával:

Ha már jó <b><b><b>hitel</b></b></b>pontja van, akkor a betéti kártya jobban megfelel erre a célra. Ezenkívül a bankkártya lehetővé teszi, hogy gyorsan fizesse meg a számlákat. Minél gyorsabban fizetheted a számlákat, annál olcsóbbá válnak.

Ha magas <b><b><b>hitel</b></b></b>kártya-adósságod van, akkor a betéti kártya segíthet csökkenteni. Ha azonban olyan adósságod van, amely elég magas ahhoz, hogy <b><b><b>hitel</b></b></b>kártyával jogosult legyen, a bankkártya jobb alternatíva. Ha olyan adósságod van, amely túl magas a <b><b><b>hitel</b></b></b>kártyához, hogy fizessen, akkor a betéti kártya jobb lehet.

Ha magas adósság-jövedelmi aránya van, akkor a betéti kártya segíthet az adósság gyorsabb kifizetésében. Ha azonban nagy adósság-jövedelem aránya van, akkor a bankkártya még mindig jobb lehetőség. Például, ha van egy 5000 $ -os adósság-bevétel arány, bankkártyát egy jobb lehetőség, mint egy <b><b><b>hitel</b></b></b>kártya, mert fizeti ki több a tartozás kevesebb idő alatt, mint ha lenne egy <b><b><b>hitel</b></b></b>kártya.

A <b><b><b>hitel</b></b></b>kártyák nem mindig a megfelelő megoldás minden helyzethez. De ha meg akarod fizetni a <b><b><b>hitel</b></b></b>kártya-adósságodat, és a türelme, hogy átmegy a kemény munka, akkor a <b><b><b>hitel</b></b></b>kártya lehet a legjobb megoldás az Ön számára.

Ha érdekel, hogy többet tanulsz arról, hogyan kell használni a <b><b><b>hitel</b></b></b>kártyáját, olvassa el további részleteket. 
 <img src=https://images.unsplash.com/photo-1598429349964-f780d8ea68fc?ixid=MXw5MDU4MHwwfDF8c2VhcmNofDEwMDA5fHxtb25leXxlbnwwfHx8&ixlib=rb-1.2.1 alt = hitel > 
<h2>hitel  - Néhány egyszerű módszer a hitel javítására </h2>
Az alacsony kredit pontszám nem a világ vége - javítsa meg a <b><b><b>hitel</b></b></b>met az <b><b>egyszerű</b></b> tippek segítségével Az alacsony kredit pontszám nem a világ vége - javítsa meg a <b><b><b>hitel</b></b></b>t ezekkel az <b><b>egyszerű</b></b> tippekkel, hogy az alacsony kredit pontszám nem vége A világ - javítsa meg a <b><b><b>hitel</b></b></b>ét ezekkel az <b><b>egyszerű</b></b> tippekkel

A <b><b><b>hitel</b></b></b>kártya alkalmazások gyakran az életünk leginkább stresszes eleme. És bár nem olyan kritikusok, mint a bérleti díjak kifizetése, vagy a kifizetés, még mindig hatalmas pénzügyi akadályt képviselnek. Mindannyian hallottuk, hogy a <b><b><b>hitel</b></b></b> pontszám határozza meg, hogy mennyit tudsz kölcsönözni és annak valószínűségét, hogy újra <b><b><b>hitel</b></b></b>eket kaphat. Bár minden bizonnyal jó pont van erre, sokat kell mondani a negatív szempontokról is. Természetesen vannak olyan <b><b><b>hitel</b></b></b>minősítések, amelyek elég alacsonyak ahhoz, hogy <b><b><b>hitel</b></b></b>gyilkos legyen, de nagyon magas lehetnek.

Ha pénzügyileg stabilizálni akarsz, akkor a lehető legközelebb kell lennie a lehető legközelebb. Ez ugyanúgy, mint sok ember képes fenntartani a magas <b><b><b>hitel</b></b></b> pontszámot, de nagy adósságterhelést. Ha nincs elég adósságod, akkor nem lesz képes jóváírni a <b><b><b>hitel</b></b></b>t elég sebességgel. És még akkor is, ha <b><b><b>hitel</b></b></b>kártyát szerezhetsz, akkor olyan helyzetben lehet, amikor nem férhet hozzá a rendelkezésre álló pénzösszeghez rendelkezésre álló legjobb <b><b><b>hitel</b></b></b>hez.

Szerencsére van egy módja annak, hogy fenntartsák az alacsony <b><b><b>hitel</b></b></b> pontszámot, amely egy <b><b><b>hitel</b></b></b> pontszámon, valamint számos más tényezőn alapul. Ezek a többi tényező közé tartozik az Ön kora, az oktatás, a jövedelme, a <b><b><b>hitel</b></b></b> pontszáma és a <b><b><b>hitel</b></b></b>fajta. Ez az oka annak, hogy sokan keresnek alacsony <b><b><b>hitel</b></b></b>minősítő pontszámot, alacsonyabb iskolai végzettséget keresnek. Az idősebb vagy, annál alacsonyabb a <b><b><b>hitel</b></b></b> pontszám, amit meg kell szerezni. És mivel az alacsonyabb <b><b><b>hitel</b></b></b> pontszám azt jelenti, alacsonyabb államadósság, akkor képes lesz arra, hogy kevesebbet fizetnek, hogy az azonos szintű érdeme, hogy egy személy egy nagyobb <b><b><b>hitel</b></b></b> pontszám lesz.

Ha alacsony <b><b><b>hitel</b></b></b>intézetet szeretne kapni, akkor a megfelelő irányba kell mennie. Ha alacsony <b><b><b>hitel</b></b></b>minősítést szeretne, akkor jó pontszámot kell kapnia, majd keményen kell dolgoznia, hogy javítsa. Azt is meg kell kapnia a <b><b><b>hitel</b></b></b> pontszámát olyan alacsony, amennyit csak tudsz, anélkül, hogy adósságba kerülne.

Szóval, hogyan kapsz jó <b><b><b>hitel</b></b></b>t? Ez az, ahol az alacsony <b><b><b>hitel</b></b></b>intézet mítosz jön létre. Sokan meg fogják mondani, hogy szükségük van egy magas <b><b><b>hitel</b></b></b>minősítésre, hogy alacsony <b><b><b>hitel</b></b></b> pontszámot kapjanak. És ez igaz. De, hogy miért a magas <b><b><b>hitel</b></b></b> pontszám nem a világ vége, azért van, mert van néhány <b><b>egyszerű</b></b> tipp, amely segíthet fenntartani egy kis <b><b><b>hitel</b></b></b> pontszám. És ezek a tippek az alacsony <b><b><b>hitel</b></b></b> pontszám fenntartásának legfontosabb része.

Tehát, mielőtt eljutnunk ezekhez a tippekhez, nézzük meg, mennyire alacsony a <b><b><b>hitel</b></b></b>minősítés, és mit jelent.

Az alacsony <b><b><b>hitel</b></b></b>minősítések nem jelentenek adósságot

A ""Credit Score"" kifejezés sok kérdést kaphat. Valójában néhány ember megmondja neked, hogy a <b><b><b>hitel</b></b></b> pontszám nem jelenti azt, hogy megszabadulnia kell az adósságodtól. De nagyon jó esetet kell tennie, hogy kap egy <b><b><b>hitel</b></b></b>minősítő pontszámot, különben a <b><b><b>hitel</b></b></b>-iroda nem hagyja jóvá az alkalmazást. Tehát fontos tudni, hogy mit kell igazán elérni egy alacsony <b><b><b>hitel</b></b></b> pontszámot, és milyen alacsonynak kell lennie a pontszámodnak.

A legfontosabb az, hogy őszinte legyek a jelenlegi adósságodról. Nem számít, hogy van-e kiemelkedő adósságterhelés, vagy akár ha egyáltalán nem volt adósságod. Az alacsony <b><b><b>hitel</b></b></b>minősítés nem jelenti azt, hogy teljesen adósságmentes vagy, csak azt jelenti, hogy a jelenlegi adósságterhelés nem olyan nagy. Jó esetet kell tennie, hogy kevesebb adóssággal tudsz elérni, mint jelenleg, és hogy alacsonyabb <b><b><b>hitel</b></b></b> pontszámra van szüksége. Ha ezt megteszi, akkor az alacsonyabb <b><b><b>hitel</b></b></b> pontszámot lehet jóváhagyni.

Az alacsony <b><b><b>hitel</b></b></b>minősítések nem a világ vége

Most ne tévesszen meg nekünk. Az alacsony <b><b><b>hitel</b></b></b>minősítések nem a világ vége. Tény, hogy a jelzálog vagy sem. De olyan jó mutató, hogy meg kell kapnia a <b><b><b>hitel</b></b></b> pontszámát olyan alacsony, amennyit csak tudsz.

De ez azt is jelenti, hogy meg kell szabadulnia néhány adósságtól, mielőtt alacsony <b><b><b>hitel</b></b></b>pontszámot kaphat. Tehát, mielőtt megkapod a <b><b><b>hitel</b></b></b>minősítő pontszámot, fontos, hogy jó ötlet legyen arra, amit igazán tartozol. Az aktuális <b><b><b>hitel</b></b></b> pontszámát is összehasonlíthatja azt, amelyet az interneten keresztül szeretne megszerezni, vagy <b><b><b>hitel</b></b></b>jelentő ügynökségének hívásával.

Hogyan lehet alacsony <b><b><b>hitel</b></b></b> pontszámot kapni

Szóval, hogyan kaphatsz alacsony <b><b><b>hitel</b></b></b>t? A leg<b><b>egyszerű</b></b>bb technikák segítségével végezhető. Például kaphat egy <b><b><b>hitel</b></b></b> pontszámot egy ingyenes <b><b><b>hitel</b></b></b>minősítő webhelyről. Ha nem biztos benne, hogy mit használjon, nézze meg a legjobb ingyenes <b><b><b>hitel</b></b></b>minősítési helyeket. Megpróbálhatja az egyik <b><b><b>hitel</b></b></b>képes programot is. ","A Few simple ways to improve your creditA Few simple ways to improve your creditA Few simple ways to improve your credit score.

You'll want to start by improving your credit score immediately and using credit cards to pay down debt as soon as possible.

How to Get Credit Cards

Credit cards are available at a wide variety of stores, restaurants and gas stations. You can get a wide variety of credit cards that offer a variety of perks and features to suit your needs.

Credit cards can be useful for several reasons, and here are the most important ones:

They can be very helpful in reducing your credit card debt. Most people have a credit card that they don't use, but that they could use if they were to find another way to pay for it. This is especially true for people with student loans. It's best to use your credit card as a source of cash, not as a way to spend money you don't have. This is why many people use credit cards to pay off their student loans, or even to pay off the balances on their car or home loans.

They provide a way to use your credit card balance. It's possible to use credit cards to pay off debts other than your credit card balance. If you don't have enough credit card debt to pay the balance off, a credit card can be a great way to reduce your debt load. Some people will also consider using credit cards to pay off a mortgage or credit card balance to reduce the amount of money they have to pay to keep their home.

They provide a way to pay your expenses. Credit cards can help you pay off credit card debt quickly. However, there are some expenses that you should pay off even if you don't use your credit card balance. Here are some things to consider when paying off your credit card debt:

Spending down the balance is usually cheaper than paying it off each month. For example, if you owe $500 for a year's worth of expenses, paying off the balance each month will cost you $25. However, you can spend down the balance each month and still reduce your annual expenses by only paying $25 each month.

Getting a credit card doesn't guarantee that you'll get a favorable rate on a mortgage or loan. You might have to make some serious changes to your financial situation to qualify for a favorable mortgage rate, or you might have to go through a lengthy application process that can cost several hundred dollars.

Credit cards aren't always the right answer for every situation. Some situations where you might be better off using a debit card instead of a credit card include:

If you already have a good credit score, a debit card is better suited for that purpose. In addition, a debit card allows you to pay your bills quickly. The faster you can pay your bills, the less expensive they become.

If you have high credit card debt, having a debit card can help reduce it. However, if you have debt that is high enough to qualify for a credit card, a debit card is a better alternative. If you have debt that is too high for a credit card to pay, a debit card may be better.

If you have a high debt-to-income ratio, having a debit card can help you pay off that debt faster. However, if you have a high debt-to-income ratio, having a debit card is still a better option. For example, if you have a $5,000 debt-to-income ratio, a debit card is a better option than a credit card because it will pay off more of your debt in less time than it would if you had a credit card.

Credit cards aren't always the right solution for every situation. But if you're looking to pay off your credit card debt and you have the patience to go through the hard work, having a credit card can be the best option for you.

If you're interested in learning more about how to use your credit card, read on for more details.
 <img src=https://images.unsplash.com/photo-1598429349964-f780d8ea68fc?ixid=MXw5MDU4MHwwfDF8c2VhcmNofDEwMDA5fHxtb25leXxlbnwwfHx8&ixlib=rb-1.2.1 alt = hitel > 
 A Low Credit Score Isn't The End Of The World - Repair Your Credit Using These Simple Tips A Low Credit Score Isn't The End Of The World - Repair Your Credit Using These Simple Tips A Low Credit Score Isn't The End Of The World - Repair Your Credit Using These Simple Tips

Credit card applications are often the most stressful aspect of our lives. And even though they are not as critical as paying our rent or making a down payment, they still represent a huge financial hurdle to overcome. We've all heard that the credit score determines how much you'll be able to borrow and the likelihood of being able to get credit again. While there are certainly some good points to this, there's also a lot to be said about the negative aspects as well. There are certainly some credit scores that are low enough to be a credit killer but they can also be quite high.

If you want to be financially stable, you have to get as close to the bottom as possible. This is the same way many people can maintain a high credit score but with a high debt load. If you don't have enough debt, you won't be able to obtain credit at a high enough rate. And, even if you're able to obtain credit, you may be stuck in a situation where you cannot access the best credit available for the amount of money you have available.

Fortunately, there is a way to maintain a low credit score, which is based on a credit score as well as a number of other factors. These other factors include your age, your education, your income, your credit score, and the type of credit you have. This is why many people who are looking to get a low credit score are looking for a lower education level. The older you are, the lower the credit score you'll need to obtain. And, since a lower credit score means lower debt, you will be able to pay less to get the same level of credit that a person with a higher credit score will.

If you want to get a low credit score, you need to go in the right direction. If you want a low credit score, you need to get a good score and then you need to work hard to improve it. You also need to get your credit score as low as you can without going into debt.

So, how do you get a good credit score? This is where the low credit score myth comes into play. Many people will tell you that they need a high credit score to get a low credit score. And, this is true. But, the reason why a high credit score isn't the end of the world is because there are some simple tips that can help you maintain a low credit score. And, these tips are the most important part of maintaining a low credit score.

So, before we get to these tips, let's review how low a credit score really is and what it really means.

Low Credit Scores Don't Mean Debt

The term ""credit score"" can get you a lot of questions. In fact, some people will tell you that a credit score doesn't mean that you need to get rid of your debt. But, you have to make a very good case to get a credit score, otherwise the credit bureaus won't approve your application. So, it's important to know what you really need to achieve a low credit score and how low your score needs to be.

The key is to be honest about your current debt. It doesn't matter if you've had an outstanding debt load or even if you've had no debt at all. A low credit score doesn't mean that you're completely debt free, it just means that your current debt load isn't that great. You need to make a good case that you can get by with less debt than you currently have and that you need a lower credit score. If you do this, you can be approved for a lower credit score.

Low Credit Scores Are Not The End Of The World

Now, don't get us wrong. Low credit scores aren't the end of the world. In fact, they can mean the difference between having a mortgage or not. But, they are a good indicator that you need to get your credit score as low as you can.

But, this also means that you need to get rid of some debts before you can have a low credit score. So, before you get your credit score, it's important to have a good idea of what you really owe. You can also compare your current credit score to the one that you want to obtain by taking a free credit scoring test online or by calling a credit reporting agency.

How To Get A Low Credit Score

So, how can you get a low credit score? It can be done using the most simple techniques. For instance, you could get a credit score from a free credit scoring site. If you're not sure what to use, check out the best free credit scoring sites. You can also try one of these credit scoring programs.","nagy hotel  , Csokoládé hitel "
